Domain name,Domain type,Organization name,City,State,Security contact email
dark-cup-night.gov,State or territory,Wish You Were Here,,,(blank)
resource-food.gov,State or territory,Wish You Were Here,,,(blank)
sort-product.gov,State or territory,Wish You Were Here,,,(blank)
miss-evidence.gov,State or territory,Wish You Were Here,,,(blank)
ability-major-bank.gov,State or territory,Wish You Were Here,,,(blank)
beat-listen-federal.gov,State or territory,Wish You Were Here,,,(blank)
scene-threat-out.gov,State or territory,Wish You Were Here,,,(blank)
not-number-field.gov,State or territory,Wish You Were Here,,,(blank)
allow-attack.gov,State or territory,Wish You Were Here,,,(blank)
visit-letter-event.gov,State or territory,Wish You Were Here,,,(blank)
near-business.gov,State or territory,Wish You Were Here,,,(blank)
old-north-keep.gov,State or territory,Wish You Were Here,,,(blank)
explain-image.gov,State or territory,Wish You Were Here,,,(blank)
no-society-official.gov,State or territory,Wish You Were Here,,,(blank)
only-free-line-save.gov,State or territory,Wish You Were Here,,,(blank)
television-must.gov,State or territory,Wish You Were Here,,,(blank)
many-yard-age-test.gov,State or territory,Wish You Were Here,,,(blank)
east-final-business.gov,State or territory,Wish You Were Here,,,(blank)
claim-lay-exist.gov,State or territory,Wish You Were Here,,,(blank)
several-law-mother.gov,State or territory,Wish You Were Here,,,(blank)
beat-happy.gov,State or territory,Wish You Were Here,,,(blank)
claim-deep-business.gov,State or territory,Wish You Were Here,,,(blank)
media-four-paper.gov,State or territory,Wish You Were Here,,,(blank)
interesting-catch.gov,State or territory,Wish You Were Here,,,(blank)
near-company-trade.gov,State or territory,Wish You Were Here,,,(blank)
education-another.gov,State or territory,Wish You Were Here,,,(blank)
five-those-two.gov,State or territory,Wish You Were Here,,,(blank)
might-husband.gov,State or territory,Wish You Were Here,,,(blank)
win-business-tree.gov,State or territory,Wish You Were Here,,,(blank)
you-morning-beat.gov,State or territory,Wish You Were Here,,,(blank)
table-true.gov,State or territory,Wish You Were Here,,,(blank)
miss-three-yet-loss.gov,State or territory,Wish You Were Here,,,(blank)
office-anything.gov,State or territory,Wish You Were Here,,,(blank)
clearly-cultural.gov,State or territory,Wish You Were Here,,,(blank)
control-air-thing.gov,State or territory,Wish You Were Here,,,(blank)
fire-everything.gov,State or territory,Wish You Were Here,,,(blank)
if-sure-color.gov,State or territory,Wish You Were Here,,,(blank)
kid-answer-all.gov,State or territory,Wish You Were Here,,,(blank)
political-increase.gov,State or territory,Wish You Were Here,,,(blank)
special-likely.gov,State or territory,Wish You Were Here,,,(blank)
continue-sell-dog.gov,State or territory,Wish You Were Here,,,(blank)
several-be-young.gov,State or territory,Wish You Were Here,,,(blank)
say-ability-draw.gov,State or territory,Wish You Were Here,,,(blank)
education-professor.gov,State or territory,Wish You Were Here,,,(blank)
little-smile-reduce.gov,State or territory,Wish You Were Here,,,(blank)
only-open-prevent.gov,State or territory,Wish You Were Here,,,(blank)
important-save.gov,State or territory,Wish You Were Here,,,(blank)
together-her-name.gov,State or territory,Wish You Were Here,,,(blank)
stand-provide-treat.gov,State or territory,Wish You Were Here,,,(blank)
evidence-protect.gov,State or territory,Wish You Were Here,,,(blank)
focus-process-issue.gov,State or territory,Wish You Were Here,,,(blank)
huge-compare-would.gov,State or territory,Wish You Were Here,,,(blank)
through-bit-action.gov,State or territory,Wish You Were Here,,,(blank)
son-point-appear.gov,State or territory,Wish You Were Here,,,(blank)
day-movie-everyone.gov,State or territory,Wish You Were Here,,,(blank)
tell-offer-worry.gov,State or territory,Wish You Were Here,,,(blank)
important-receive.gov,State or territory,Wish You Were Here,,,(blank)
be-fly-possible.gov,State or territory,Wish You Were Here,,,(blank)
head-case-alone-buy.gov,State or territory,Wish You Were Here,,,(blank)
wish-affect-number.gov,State or territory,Wish You Were Here,,,(blank)
address-end-during.gov,State or territory,Wish You Were Here,,,(blank)
management-itself.gov,State or territory,Wish You Were Here,,,(blank)
really-different.gov,State or territory,Wish You Were Here,,,(blank)
son-rather-key-poor.gov,State or territory,Wish You Were Here,,,(blank)
already-campaign.gov,State or territory,Wish You Were Here,,,(blank)
personal-important.gov,State or territory,Wish You Were Here,,,(blank)
especially-tv-sing.gov,State or territory,Wish You Were Here,,,(blank)
year-point-voice.gov,State or territory,Wish You Were Here,,,(blank)
some-choose-ability.gov,State or territory,Wish You Were Here,,,(blank)
various-enter-like.gov,State or territory,Wish You Were Here,,,(blank)
box-gun-sport.gov,State or territory,Wish You Were Here,,,(blank)
environmental-run.gov,State or territory,Wish You Were Here,,,(blank)
yeah-best-teach.gov,State or territory,Wish You Were Here,,,(blank)
tonight-day-think.gov,State or territory,Wish You Were Here,,,(blank)
while-well-people.gov,State or territory,Wish You Were Here,,,(blank)
of-down-society.gov,State or territory,Wish You Were Here,,,(blank)
probably-woman-baby.gov,State or territory,Wish You Were Here,,,(blank)
hair-color-indeed.gov,State or territory,Wish You Were Here,,,(blank)
most-it-try-one-my.gov,State or territory,Wish You Were Here,,,(blank)
head-general-today.gov,State or territory,Wish You Were Here,,,(blank)
present-whose.gov,State or territory,Wish You Were Here,,,(blank)
director-walk.gov,State or territory,Wish You Were Here,,,(blank)
leave-treat.gov,State or territory,Wish You Were Here,,,(blank)
plan-health-include.gov,State or territory,Wish You Were Here,,,(blank)
look-life-analysis.gov,State or territory,Wish You Were Here,,,(blank)
different-hospital.gov,State or territory,Wish You Were Here,,,(blank)
international-wait.gov,State or territory,Wish You Were Here,,,(blank)
group-product.gov,State or territory,Wish You Were Here,,,(blank)
board-civil-spring.gov,State or territory,Wish You Were Here,,,(blank)
tough-agree-study.gov,State or territory,Wish You Were Here,,,(blank)
miss-part-wait.gov,State or territory,Wish You Were Here,,,(blank)
result-serious-unit.gov,State or territory,Wish You Were Here,,,(blank)
street-guy-site.gov,State or territory,Wish You Were Here,,,(blank)
account-speech.gov,Federal - Executive,American Battle Monuments Commission,,,(blank)
little-tax-would.gov,State or territory,Wish You Were Here,,,(blank)
four-mother-nor-say.gov,State or territory,Wish You Were Here,,,(blank)
discover-leader.gov,State or territory,Wish You Were Here,,,(blank)
practice-could.gov,State or territory,Wish You Were Here,,,(blank)
some-about-simple.gov,State or territory,Wish You Were Here,,,(blank)
guy-necessary.gov,State or territory,Wish You Were Here,,,(blank)
any-already-husband.gov,State or territory,Wish You Were Here,,,(blank)
network-decide.gov,State or territory,Wish You Were Here,,,(blank)
before-southern.gov,State or territory,Wish You Were Here,,,(blank)
listen-in-yet-main.gov,State or territory,Wish You Were Here,,,(blank)
hundred-blood-quite.gov,State or territory,Wish You Were Here,,,(blank)
space-drive-there.gov,State or territory,Wish You Were Here,,,(blank)
audience-conference.gov,State or territory,Wish You Were Here,,,(blank)
skill-improve-wife.gov,State or territory,Wish You Were Here,,,(blank)
blood-others.gov,State or territory,Wish You Were Here,,,(blank)
draw-great-between.gov,State or territory,Wish You Were Here,,,(blank)
happy-long-assume.gov,State or territory,Wish You Were Here,,,(blank)
power-together.gov,State or territory,Wish You Were Here,,,(blank)
collection.gov,State or territory,Wish You Were Here,,,(blank)
very-attack-through.gov,State or territory,Wish You Were Here,,,(blank)
indicate-his-my.gov,State or territory,Wish You Were Here,,,(blank)
development-between.gov,State or territory,Wish You Were Here,,,(blank)
build-floor-decade.gov,State or territory,Wish You Were Here,,,(blank)
brother-across.gov,State or territory,Wish You Were Here,,,(blank)
evidence-chance-man.gov,State or territory,Wish You Were Here,,,(blank)
ask-lead-us.gov,State or territory,Wish You Were Here,,,(blank)
various-large-after.gov,State or territory,Wish You Were Here,,,(blank)
student-involve.gov,State or territory,Wish You Were Here,,,(blank)
hope-power.gov,State or territory,Wish You Were Here,,,(blank)
personal-simply.gov,State or territory,Wish You Were Here,,,(blank)
civil-against.gov,State or territory,Wish You Were Here,,,(blank)
prove-themselves.gov,State or territory,Wish You Were Here,,,(blank)
yes-street.gov,State or territory,Wish You Were Here,,,(blank)
remember-open.gov,State or territory,Wish You Were Here,,,(blank)
building.gov,State or territory,Wish You Were Here,,,(blank)
say-apply-beautiful.gov,State or territory,Wish You Were Here,,,(blank)
interest-politics.gov,State or territory,Wish You Were Here,,,(blank)
camera-skin-data.gov,State or territory,Wish You Were Here,,,(blank)
list-media-more.gov,State or territory,Wish You Were Here,,,(blank)
site-realize-while.gov,State or territory,Wish You Were Here,,,(blank)
point-bar-bit.gov,State or territory,Wish You Were Here,,,(blank)
item-today-young.gov,State or territory,Wish You Were Here,,,(blank)
heart-mean-wife.gov,State or territory,Wish You Were Here,,,(blank)
reveal-school-dark.gov,State or territory,Wish You Were Here,,,(blank)
indeed-past-so-meet.gov,State or territory,Wish You Were Here,,,(blank)
firm-investment.gov,State or territory,Wish You Were Here,,,(blank)
major-fight-indeed.gov,State or territory,Wish You Were Here,,,(blank)
security-sing-quite.gov,State or territory,Wish You Were Here,,,(blank)
six-can-produce.gov,State or territory,Wish You Were Here,,,(blank)
really-also-degree.gov,State or territory,Wish You Were Here,,,(blank)
test-although.gov,State or territory,Wish You Were Here,,,(blank)
character-talk.gov,State or territory,Wish You Were Here,,,(blank)
analysis-firm-next.gov,State or territory,Wish You Were Here,,,(blank)
center-spring-dream.gov,State or territory,Wish You Were Here,,,(blank)
front-travel-lawyer.gov,State or territory,Wish You Were Here,,,(blank)
movement-impact.gov,State or territory,Wish You Were Here,,,(blank)
current-real.gov,State or territory,Wish You Were Here,,,(blank)
listen-skill-father.gov,State or territory,Wish You Were Here,,,(blank)
safe-deal-work.gov,State or territory,Wish You Were Here,,,(blank)
sort-attorney.gov,State or territory,Wish You Were Here,,,(blank)
order-sense-media.gov,State or territory,Wish You Were Here,,,(blank)
guess-adult-treat.gov,State or territory,Wish You Were Here,,,(blank)
leave-listen-next.gov,State or territory,Wish You Were Here,,,(blank)
property-source.gov,State or territory,Wish You Were Here,,,(blank)
hair-still-line.gov,State or territory,Wish You Were Here,,,(blank)
nation-relate.gov,State or territory,Wish You Were Here,,,(blank)
without-claim-time.gov,State or territory,Wish You Were Here,,,(blank)
none-idea-determine.gov,State or territory,Wish You Were Here,,,(blank)
per-bit-pm-far.gov,State or territory,Wish You Were Here,,,(blank)
put-draw-case.gov,State or territory,Wish You Were Here,,,(blank)
station-end-role.gov,State or territory,Wish You Were Here,,,(blank)
process-local.gov,State or territory,Wish You Were Here,,,(blank)
reveal-him-answer.gov,State or territory,Wish You Were Here,,,(blank)
modern-happy.gov,State or territory,Wish You Were Here,,,(blank)
consumer-miss-huge.gov,State or territory,Wish You Were Here,,,(blank)
out-great-place.gov,State or territory,Wish You Were Here,,,(blank)
able-compare.gov,State or territory,Wish You Were Here,,,(blank)
choice-green-avoid.gov,State or territory,Wish You Were Here,,,(blank)
image-girl-friend.gov,State or territory,Wish You Were Here,,,(blank)
bit-factor-gun.gov,State or territory,Wish You Were Here,,,(blank)
record-important.gov,State or territory,Wish You Were Here,,,(blank)
skill-worry.gov,State or territory,Wish You Were Here,,,(blank)
quickly-fight-along.gov,State or territory,Wish You Were Here,,,(blank)
interview-best.gov,State or territory,Wish You Were Here,,,(blank)
edge-to-political.gov,State or territory,Wish You Were Here,,,(blank)
focus-response.gov,State or territory,Wish You Were Here,,,(blank)
send-wide-region.gov,State or territory,Wish You Were Here,,,(blank)
tonight-system-as.gov,State or territory,Wish You Were Here,,,(blank)
goal-thank-whole.gov,State or territory,Wish You Were Here,,,(blank)
deep-cut-ask-while.gov,State or territory,Wish You Were Here,,,(blank)
hair-manage-true.gov,State or territory,Wish You Were Here,,,(blank)
data-check-in.gov,State or territory,Wish You Were Here,,,(blank)
report-wait-sister.gov,State or territory,Wish You Were Here,,,(blank)
stage-the-story.gov,State or territory,Wish You Were Here,,,(blank)
detail-conference.gov,State or territory,Wish You Were Here,,,(blank)
environmental.gov,State or territory,Wish You Were Here,,,(blank)
father-mouth-draw.gov,State or territory,Wish You Were Here,,,(blank)
risk-successful-gun.gov,State or territory,Wish You Were Here,,,(blank)
ball-central-woman.gov,State or territory,Wish You Were Here,,,(blank)
choice-son-plant.gov,State or territory,Wish You Were Here,,,(blank)
sport-respond-do.gov,State or territory,Wish You Were Here,,,(blank)
pick-check-get-year.gov,State or territory,Wish You Were Here,,,(blank)
certain-red-model.gov,State or territory,Wish You Were Here,,,(blank)
kind-lawyer-popular.gov,State or territory,Wish You Were Here,,,(blank)
prove-paper-food.gov,State or territory,Wish You Were Here,,,(blank)
body-involve-animal.gov,State or territory,Wish You Were Here,,,(blank)
pattern-sure-this.gov,State or territory,Wish You Were Here,,,(blank)
life-environment.gov,State or territory,Wish You Were Here,,,(blank)
right-skin-ever.gov,State or territory,Wish You Were Here,,,(blank)
cold-who-easy.gov,State or territory,Wish You Were Here,,,(blank)
side-forget-would.gov,State or territory,Wish You Were Here,,,(blank)
success-parent.gov,State or territory,Wish You Were Here,,,(blank)
worry-no-follow.gov,State or territory,Wish You Were Here,,,(blank)
baby-themselves.gov,State or territory,Wish You Were Here,,,(blank)
season-month-record.gov,State or territory,Wish You Were Here,,,(blank)
could-detail-person.gov,State or territory,Wish You Were Here,,,(blank)
strong-education-us.gov,State or territory,Wish You Were Here,,,(blank)
base-production.gov,State or territory,Wish You Were Here,,,(blank)
but-life-system.gov,State or territory,Wish You Were Here,,,(blank)
manager-expert.gov,State or territory,Wish You Were Here,,,(blank)
conference-keep-on.gov,State or territory,Wish You Were Here,,,(blank)
such-center.gov,State or territory,Wish You Were Here,,,(blank)
themselves.gov,State or territory,Wish You Were Here,,,(blank)
current-simply-far.gov,State or territory,Wish You Were Here,,,(blank)
news-above-beyond.gov,State or territory,Wish You Were Here,,,(blank)
mind-plan-according.gov,State or territory,Wish You Were Here,,,(blank)
yet-compare-black.gov,State or territory,Wish You Were Here,,,(blank)
necessary-anything.gov,State or territory,Wish You Were Here,,,(blank)
her-common-life.gov,State or territory,Wish You Were Here,,,(blank)
around-pretty-human.gov,State or territory,Wish You Were Here,,,(blank)
green-realize.gov,State or territory,Wish You Were Here,,,(blank)
officer-soldier.gov,State or territory,Wish You Were Here,,,(blank)
serious-half-admit.gov,State or territory,Wish You Were Here,,,(blank)
street-until-for.gov,State or territory,Wish You Were Here,,,(blank)
plant-cut-election.gov,State or territory,Wish You Were Here,,,(blank)
last-avoid-share.gov,State or territory,Wish You Were Here,,,(blank)
back-the-discuss.gov,State or territory,Wish You Were Here,,,(blank)
let-guy-activity.gov,State or territory,Wish You Were Here,,,(blank)
see-seat-bit.gov,State or territory,Wish You Were Here,,,(blank)
phone-if-wish.gov,State or territory,Wish You Were Here,,,(blank)
garden-help-lawyer.gov,State or territory,Wish You Were Here,,,(blank)
his-weight-door.gov,State or territory,Wish You Were Here,,,(blank)
despite-entire.gov,State or territory,Wish You Were Here,,,(blank)
success-tv-age.gov,State or territory,Wish You Were Here,,,(blank)
get-line-meeting.gov,State or territory,Wish You Were Here,,,(blank)
go-simply-focus.gov,State or territory,Wish You Were Here,,,(blank)
what-must-two.gov,State or territory,Wish You Were Here,,,(blank)
necessary-remain.gov,State or territory,Wish You Were Here,,,(blank)
student-sea-instead.gov,State or territory,Wish You Were Here,,,(blank)
usually-recently.gov,State or territory,Wish You Were Here,,,(blank)
hospital-ask-sister.gov,State or territory,Wish You Were Here,,,(blank)
nation-base-laugh.gov,State or territory,Wish You Were Here,,,(blank)
tree-that-name-idea.gov,State or territory,Wish You Were Here,,,(blank)
election-already.gov,State or territory,Wish You Were Here,,,(blank)
pay-fact-have.gov,State or territory,Wish You Were Here,,,(blank)
yard-network-issue.gov,State or territory,Wish You Were Here,,,(blank)
movement-it-artist.gov,State or territory,Wish You Were Here,,,(blank)
hour-loss-say-hand.gov,State or territory,Wish You Were Here,,,(blank)
