Domain name,Domain type,Organization name,Suborganization name,City,State,Security contact email
dark-cup-night.gov,State or territory,Wish You Were Here,,West Josephburgh,GU,(blank)
resource-food.gov,State or territory,Wish You Were Here,,Justinside,OH,(blank)
sort-product.gov,State or territory,Wish You Were Here,,Port Christy,MD,(blank)
miss-evidence.gov,State or territory,Wish You Were Here,,Paulafurt,AS,(blank)
ability-major-bank.gov,State or territory,Wish You Were Here,,North Aaronville,HI,(blank)
beat-listen-federal.gov,State or territory,Wish You Were Here,,New Heidiview,AK,(blank)
scene-threat-out.gov,State or territory,Wish You Were Here,,North Melissaland,WI,(blank)
not-number-field.gov,State or territory,Wish You Were Here,,Michealberg,AS,(blank)
allow-attack.gov,State or territory,Wish You Were Here,,South Virginiachester,CA,(blank)
visit-letter-event.gov,State or territory,Wish You Were Here,,Jessicaport,MI,(blank)
near-business.gov,State or territory,Wish You Were Here,,Tanyaborough,ME,(blank)
old-north-keep.gov,State or territory,Wish You Were Here,,West Andrehaven,TN,(blank)
explain-image.gov,State or territory,Wish You Were Here,,West Judytown,WY,(blank)
no-society-official.gov,State or territory,Wish You Were Here,,Curtistown,KS,(blank)
only-free-line-save.gov,State or territory,Wish You Were Here,,Geraldfurt,WY,(blank)
television-must.gov,State or territory,Wish You Were Here,,South Kristen,VT,(blank)
many-yard-age-test.gov,State or territory,Wish You Were Here,,North Valerie,WI,(blank)
east-final-business.gov,State or territory,Wish You Were Here,,North Jeromeland,DC,(blank)
claim-lay-exist.gov,State or territory,Wish You Were Here,,West Aaron,PW,(blank)
several-law-mother.gov,State or territory,Wish You Were Here,,West Kyleshire,FL,(blank)
beat-happy.gov,State or territory,Wish You Were Here,,Smithtown,VT,(blank)
claim-deep-business.gov,State or territory,Wish You Were Here,,Boonestad,PR,(blank)
media-four-paper.gov,State or territory,Wish You Were Here,,Bauermouth,WV,(blank)
interesting-catch.gov,State or territory,Wish You Were Here,,Karenmouth,PW,(blank)
near-company-trade.gov,State or territory,Wish You Were Here,,Port Michaelmouth,WY,(blank)
education-another.gov,State or territory,Wish You Were Here,,Woodardburgh,HI,(blank)
five-those-two.gov,State or territory,Wish You Were Here,,Michaelaburgh,ME,(blank)
might-husband.gov,State or territory,Wish You Were Here,,Elizabethland,CO,(blank)
win-business-tree.gov,State or territory,Wish You Were Here,,South Tony,CT,(blank)
you-morning-beat.gov,State or territory,Wish You Were Here,,South Rebecca,MP,(blank)
table-true.gov,State or territory,Wish You Were Here,,Transhire,OR,(blank)
miss-three-yet-loss.gov,State or territory,Wish You Were Here,,Steventown,RI,(blank)
office-anything.gov,State or territory,Wish You Were Here,,New Jessica,PA,(blank)
clearly-cultural.gov,State or territory,Wish You Were Here,,North Philip,UT,(blank)
control-air-thing.gov,State or territory,Wish You Were Here,,Benjaminport,KS,(blank)
fire-everything.gov,State or territory,Wish You Were Here,,Hernandezside,MN,(blank)
if-sure-color.gov,State or territory,Wish You Were Here,,Rodneytown,FM,(blank)
kid-answer-all.gov,State or territory,Wish You Were Here,,Swansonfurt,MP,(blank)
political-increase.gov,State or territory,Wish You Were Here,,New Brenda,MI,(blank)
special-likely.gov,State or territory,Wish You Were Here,,New Christopher,AZ,(blank)
continue-sell-dog.gov,State or territory,Wish You Were Here,,Lake Patricia,CO,(blank)
several-be-young.gov,State or territory,Wish You Were Here,,Gonzalezport,MS,(blank)
say-ability-draw.gov,State or territory,Wish You Were Here,,Jennifermouth,VA,(blank)
education-professor.gov,State or territory,Wish You Were Here,,New Dustinview,CA,(blank)
little-smile-reduce.gov,State or territory,Wish You Were Here,,Amberbury,IA,(blank)
only-open-prevent.gov,State or territory,Wish You Were Here,,Reynoldsburgh,TN,(blank)
important-save.gov,State or territory,Wish You Were Here,,Port Teresaborough,KS,(blank)
together-her-name.gov,State or territory,Wish You Were Here,,Christinamouth,MS,(blank)
stand-provide-treat.gov,State or territory,Wish You Were Here,,Parkerview,AS,(blank)
evidence-protect.gov,State or territory,Wish You Were Here,,Evanfurt,PW,(blank)
focus-process-issue.gov,State or territory,Wish You Were Here,,Perezshire,MD,(blank)
huge-compare-would.gov,State or territory,Wish You Were Here,,Gordonberg,SD,(blank)
through-bit-action.gov,State or territory,Wish You Were Here,,Susanmouth,UT,(blank)
son-point-appear.gov,State or territory,Wish You Were Here,,Caitlinstad,NE,(blank)
day-movie-everyone.gov,State or territory,Wish You Were Here,,Garciaburgh,MN,(blank)
tell-offer-worry.gov,State or territory,Wish You Were Here,,South Michelle,WY,(blank)
important-receive.gov,State or territory,Wish You Were Here,,Lake Michaelhaven,MO,(blank)
be-fly-possible.gov,State or territory,Wish You Were Here,,Jaredmouth,MI,(blank)
head-case-alone-buy.gov,State or territory,Wish You Were Here,,Timothyport,NM,(blank)
wish-affect-number.gov,State or territory,Wish You Were Here,,North Georgetown,MA,(blank)
address-end-during.gov,State or territory,Wish You Were Here,,Hutchinsonport,MD,(blank)
management-itself.gov,State or territory,Wish You Were Here,,Brandonchester,MH,(blank)
really-different.gov,State or territory,Wish You Were Here,,Mortonhaven,SD,(blank)
son-rather-key-poor.gov,State or territory,Wish You Were Here,,West Brettborough,AL,(blank)
already-campaign.gov,State or territory,Wish You Were Here,,Jonathanchester,LA,(blank)
personal-important.gov,State or territory,Wish You Were Here,,Chavezberg,ME,(blank)
especially-tv-sing.gov,State or territory,Wish You Were Here,,Hahnshire,DE,(blank)
year-point-voice.gov,State or territory,Wish You Were Here,,New Scottton,AS,(blank)
some-choose-ability.gov,State or territory,Wish You Were Here,,East Renee,TX,(blank)
various-enter-like.gov,State or territory,Wish You Were Here,,Ellisstad,ID,(blank)
box-gun-sport.gov,State or territory,Wish You Were Here,,Fordshire,NC,(blank)
environmental-run.gov,State or territory,Wish You Were Here,,Port Justin,ID,(blank)
yeah-best-teach.gov,State or territory,Wish You Were Here,,Matthewhaven,IA,(blank)
tonight-day-think.gov,State or territory,Wish You Were Here,,Lake Margaretville,MT,(blank)
while-well-people.gov,State or territory,Wish You Were Here,,Reedview,IL,(blank)
of-down-society.gov,State or territory,Wish You Were Here,,East Angela,VI,(blank)
probably-woman-baby.gov,State or territory,Wish You Were Here,,Spencershire,OK,(blank)
hair-color-indeed.gov,State or territory,Wish You Were Here,,Carrollmouth,AR,(blank)
most-it-try-one-my.gov,State or territory,Wish You Were Here,,New Anthonyborough,CA,(blank)
head-general-today.gov,State or territory,Wish You Were Here,,Sherryville,MH,(blank)
present-whose.gov,State or territory,Wish You Were Here,,Lake Sarahburgh,HI,(blank)
director-walk.gov,State or territory,Wish You Were Here,,Lake Pamela,FL,(blank)
leave-treat.gov,State or territory,Wish You Were Here,,New Coreyport,PR,(blank)
plan-health-include.gov,State or territory,Wish You Were Here,,East Kellimouth,PW,(blank)
look-life-analysis.gov,State or territory,Wish You Were Here,,East Jonathan,AZ,(blank)
different-hospital.gov,State or territory,Wish You Were Here,,West Randall,WA,(blank)
international-wait.gov,State or territory,Wish You Were Here,,East Cheryl,WA,(blank)
group-product.gov,State or territory,Wish You Were Here,,Ryanbury,PW,(blank)
board-civil-spring.gov,State or territory,Wish You Were Here,,Dunnfurt,IN,(blank)
tough-agree-study.gov,State or territory,Wish You Were Here,,Barkerville,AZ,(blank)
miss-part-wait.gov,State or territory,Wish You Were Here,,Meganton,GA,(blank)
result-serious-unit.gov,State or territory,Wish You Were Here,,Youngfort,DE,(blank)
street-guy-site.gov,State or territory,Wish You Were Here,,Shelleyborough,CT,(blank)
account-speech.gov,Federal - Executive,American Battle Monuments Commission,,Amyshire,DC,(blank)
little-tax-would.gov,State or territory,Wish You Were Here,,North Marissa,KS,(blank)
four-mother-nor-say.gov,State or territory,Wish You Were Here,,Lake Richardside,MP,(blank)
discover-leader.gov,State or territory,Wish You Were Here,,North Bryan,RI,(blank)
practice-could.gov,State or territory,Wish You Were Here,,Chavezberg,CT,(blank)
some-about-simple.gov,State or territory,Wish You Were Here,,Taylorville,UT,(blank)
guy-necessary.gov,State or territory,Wish You Were Here,,Reneeville,VA,(blank)
any-already-husband.gov,State or territory,Wish You Were Here,,New Alexandertown,AK,(blank)
network-decide.gov,State or territory,Wish You Were Here,,Port Natalieton,NC,(blank)
before-southern.gov,State or territory,Wish You Were Here,,East Hannah,IN,(blank)
listen-in-yet-main.gov,State or territory,Wish You Were Here,,Walkerhaven,MT,(blank)
hundred-blood-quite.gov,State or territory,Wish You Were Here,,Williamstown,VT,(blank)
space-drive-there.gov,State or territory,Wish You Were Here,,Calderonton,NC,(blank)
audience-conference.gov,State or territory,Wish You Were Here,,Allenborough,WA,(blank)
skill-improve-wife.gov,State or territory,Wish You Were Here,,New Jamesbury,MN,(blank)
blood-others.gov,State or territory,Wish You Were Here,,Hornmouth,VA,(blank)
draw-great-between.gov,State or territory,Wish You Were Here,,North Stevenfort,MO,(blank)
happy-long-assume.gov,State or territory,Wish You Were Here,,Loweryside,NY,(blank)
power-together.gov,State or territory,Wish You Were Here,,East Christopherstad,MH,(blank)
collection.gov,State or territory,Wish You Were Here,,Reesebury,NY,(blank)
very-attack-through.gov,State or territory,Wish You Were Here,,Port Richard,VA,(blank)
indicate-his-my.gov,State or territory,Wish You Were Here,,East Robertstad,HI,(blank)
development-between.gov,State or territory,Wish You Were Here,,Raytown,TN,(blank)
build-floor-decade.gov,State or territory,Wish You Were Here,,Kellyshire,CT,(blank)
brother-across.gov,State or territory,Wish You Were Here,,Alyssaton,MI,(blank)
evidence-chance-man.gov,State or territory,Wish You Were Here,,Ericborough,VI,(blank)
ask-lead-us.gov,State or territory,Wish You Were Here,,New Megan,HI,(blank)
various-large-after.gov,State or territory,Wish You Were Here,,Rodriguezton,MI,(blank)
student-involve.gov,State or territory,Wish You Were Here,,Lewishaven,CT,(blank)
hope-power.gov,State or territory,Wish You Were Here,,Dillonmouth,ME,(blank)
personal-simply.gov,State or territory,Wish You Were Here,,Perryfurt,NC,(blank)
civil-against.gov,State or territory,Wish You Were Here,,Lake Sabrinamouth,IN,(blank)
prove-themselves.gov,State or territory,Wish You Were Here,,Wilkersonbury,NM,(blank)
yes-street.gov,State or territory,Wish You Were Here,,West Kevin,AS,(blank)
remember-open.gov,State or territory,Wish You Were Here,,Obrienmouth,OK,(blank)
building.gov,State or territory,Wish You Were Here,,Port Michael,KY,(blank)
say-apply-beautiful.gov,State or territory,Wish You Were Here,,West Henry,DC,(blank)
interest-politics.gov,State or territory,Wish You Were Here,,North William,MO,(blank)
camera-skin-data.gov,State or territory,Wish You Were Here,,Davistown,VI,(blank)
list-media-more.gov,State or territory,Wish You Were Here,,Jacobburgh,NM,(blank)
site-realize-while.gov,State or territory,Wish You Were Here,,Franciscoberg,GA,(blank)
point-bar-bit.gov,State or territory,Wish You Were Here,,Tonyhaven,VI,(blank)
item-today-young.gov,State or territory,Wish You Were Here,,Robertchester,PW,(blank)
heart-mean-wife.gov,State or territory,Wish You Were Here,,Carrilloside,NY,(blank)
reveal-school-dark.gov,State or territory,Wish You Were Here,,South Shane,AS,(blank)
indeed-past-so-meet.gov,State or territory,Wish You Were Here,,Johnsonburgh,MP,(blank)
firm-investment.gov,State or territory,Wish You Were Here,,Edwardshire,ID,(blank)
major-fight-indeed.gov,State or territory,Wish You Were Here,,Jessicaton,MT,(blank)
security-sing-quite.gov,State or territory,Wish You Were Here,,South Eric,SC,(blank)
six-can-produce.gov,State or territory,Wish You Were Here,,Debratown,MH,(blank)
really-also-degree.gov,State or territory,Wish You Were Here,,South Matthewview,WA,(blank)
test-although.gov,State or territory,Wish You Were Here,,West Paul,PR,(blank)
character-talk.gov,State or territory,Wish You Were Here,,Alexland,MP,(blank)
analysis-firm-next.gov,State or territory,Wish You Were Here,,Lake Robertmouth,AR,(blank)
center-spring-dream.gov,State or territory,Wish You Were Here,,Codymouth,GA,(blank)
front-travel-lawyer.gov,State or territory,Wish You Were Here,,Laurenchester,PW,(blank)
movement-impact.gov,State or territory,Wish You Were Here,,North Crystal,MI,(blank)
current-real.gov,State or territory,Wish You Were Here,,Rochachester,MH,(blank)
listen-skill-father.gov,State or territory,Wish You Were Here,,North Adrian,NV,(blank)
safe-deal-work.gov,State or territory,Wish You Were Here,,Lake Danielleberg,OH,(blank)
sort-attorney.gov,State or territory,Wish You Were Here,,Avilafurt,CA,(blank)
order-sense-media.gov,State or territory,Wish You Were Here,,East Annfurt,MA,(blank)
guess-adult-treat.gov,State or territory,Wish You Were Here,,East Ashleyfurt,MP,(blank)
leave-listen-next.gov,State or territory,Wish You Were Here,,Mcdonaldstad,ME,(blank)
property-source.gov,State or territory,Wish You Were Here,,Lisabury,VI,(blank)
hair-still-line.gov,State or territory,Wish You Were Here,,Kellyfort,AS,(blank)
nation-relate.gov,State or territory,Wish You Were Here,,West Jasonburgh,KS,(blank)
without-claim-time.gov,State or territory,Wish You Were Here,,Lisastad,MD,(blank)
none-idea-determine.gov,State or territory,Wish You Were Here,,North Ericmouth,FM,(blank)
per-bit-pm-far.gov,State or territory,Wish You Were Here,,Richardhaven,PR,(blank)
put-draw-case.gov,State or territory,Wish You Were Here,,Jenniferstad,MO,(blank)
station-end-role.gov,State or territory,Wish You Were Here,,South Nicholasborough,PR,(blank)
process-local.gov,State or territory,Wish You Were Here,,Ramirezberg,PA,(blank)
reveal-him-answer.gov,State or territory,Wish You Were Here,,West Stephanieburgh,NJ,(blank)
modern-happy.gov,State or territory,Wish You Were Here,,East Anthony,TN,(blank)
consumer-miss-huge.gov,State or territory,Wish You Were Here,,Patrickmouth,KS,(blank)
out-great-place.gov,State or territory,Wish You Were Here,,Wrighttown,MN,(blank)
able-compare.gov,State or territory,Wish You Were Here,,Michaeltown,AL,(blank)
choice-green-avoid.gov,State or territory,Wish You Were Here,,East Shawna,MT,(blank)
image-girl-friend.gov,State or territory,Wish You Were Here,,Johnston,FM,(blank)
bit-factor-gun.gov,State or territory,Wish You Were Here,,Rosebury,AS,(blank)
record-important.gov,State or territory,Wish You Were Here,,Markshire,CT,(blank)
skill-worry.gov,State or territory,Wish You Were Here,,West Christopher,AS,(blank)
quickly-fight-along.gov,State or territory,Wish You Were Here,,Port Paulborough,NV,(blank)
interview-best.gov,State or territory,Wish You Were Here,,East Justinport,CO,(blank)
edge-to-political.gov,State or territory,Wish You Were Here,,Port Dawn,MP,(blank)
focus-response.gov,State or territory,Wish You Were Here,,New Brendafurt,WY,(blank)
send-wide-region.gov,State or territory,Wish You Were Here,,Anitatown,SC,(blank)
tonight-system-as.gov,State or territory,Wish You Were Here,,New Scott,KS,(blank)
goal-thank-whole.gov,State or territory,Wish You Were Here,,Rodriguezfort,MT,(blank)
deep-cut-ask-while.gov,State or territory,Wish You Were Here,,Delgadofort,IL,(blank)
hair-manage-true.gov,State or territory,Wish You Were Here,,Michelleview,CO,(blank)
data-check-in.gov,State or territory,Wish You Were Here,,Lake Keithberg,PA,(blank)
report-wait-sister.gov,State or territory,Wish You Were Here,,Woodardton,DE,(blank)
stage-the-story.gov,State or territory,Wish You Were Here,,Port Emilystad,DE,(blank)
detail-conference.gov,State or territory,Wish You Were Here,,South John,TX,(blank)
environmental.gov,State or territory,Wish You Were Here,,New Laurahaven,MH,(blank)
father-mouth-draw.gov,State or territory,Wish You Were Here,,Dawnbury,IA,(blank)
risk-successful-gun.gov,State or territory,Wish You Were Here,,Bernardborough,PA,(blank)
ball-central-woman.gov,State or territory,Wish You Were Here,,South Amandahaven,OK,(blank)
choice-son-plant.gov,State or territory,Wish You Were Here,,Zacharystad,MA,(blank)
sport-respond-do.gov,State or territory,Wish You Were Here,,New Charleston,NY,(blank)
pick-check-get-year.gov,State or territory,Wish You Were Here,,Jacksonmouth,MT,(blank)
certain-red-model.gov,State or territory,Wish You Were Here,,South David,HI,(blank)
kind-lawyer-popular.gov,State or territory,Wish You Were Here,,New Christian,WV,(blank)
prove-paper-food.gov,State or territory,Wish You Were Here,,South Johntown,MN,(blank)
body-involve-animal.gov,State or territory,Wish You Were Here,,Lake Meredith,MH,(blank)
pattern-sure-this.gov,State or territory,Wish You Were Here,,Ballland,MP,(blank)
life-environment.gov,State or territory,Wish You Were Here,,Hoffmanbury,NY,(blank)
right-skin-ever.gov,State or territory,Wish You Were Here,,Townsendland,NE,(blank)
cold-who-easy.gov,State or territory,Wish You Were Here,,West Patriciaton,NC,(blank)
side-forget-would.gov,State or territory,Wish You Were Here,,Alyssaborough,VI,(blank)
success-parent.gov,State or territory,Wish You Were Here,,West Francis,VA,(blank)
worry-no-follow.gov,State or territory,Wish You Were Here,,Keithport,WA,(blank)
baby-themselves.gov,State or territory,Wish You Were Here,,Deanland,ID,(blank)
season-month-record.gov,State or territory,Wish You Were Here,,North Brenda,WI,(blank)
could-detail-person.gov,State or territory,Wish You Were Here,,Carolynburgh,AS,(blank)
strong-education-us.gov,State or territory,Wish You Were Here,,West Jenniferstad,WI,(blank)
base-production.gov,State or territory,Wish You Were Here,,New Jakemouth,ND,(blank)
but-life-system.gov,State or territory,Wish You Were Here,,Robertshire,MH,(blank)
manager-expert.gov,State or territory,Wish You Were Here,,North Natasha,SC,(blank)
conference-keep-on.gov,State or territory,Wish You Were Here,,Carrieton,WY,(blank)
such-center.gov,State or territory,Wish You Were Here,,Wilsonshire,NM,(blank)
themselves.gov,State or territory,Wish You Were Here,,East Edwardburgh,KS,(blank)
current-simply-far.gov,State or territory,Wish You Were Here,,New Kristinbury,MS,(blank)
news-above-beyond.gov,State or territory,Wish You Were Here,,Jamesborough,VA,(blank)
mind-plan-according.gov,State or territory,Wish You Were Here,,South Michelle,MN,(blank)
yet-compare-black.gov,State or territory,Wish You Were Here,,West Kayleechester,NM,(blank)
necessary-anything.gov,State or territory,Wish You Were Here,,Silvaland,MT,(blank)
her-common-life.gov,State or territory,Wish You Were Here,,Nguyenchester,NY,(blank)
around-pretty-human.gov,State or territory,Wish You Were Here,,North Maryberg,VA,(blank)
green-realize.gov,State or territory,Wish You Were Here,,Williamsonborough,SD,(blank)
officer-soldier.gov,State or territory,Wish You Were Here,,Leahton,MT,(blank)
serious-half-admit.gov,State or territory,Wish You Were Here,,Robertton,TX,(blank)
street-until-for.gov,State or territory,Wish You Were Here,,Isabellachester,AS,(blank)
plant-cut-election.gov,State or territory,Wish You Were Here,,West Rachelfort,SC,(blank)
last-avoid-share.gov,State or territory,Wish You Were Here,,Port Mark,KS,(blank)
back-the-discuss.gov,State or territory,Wish You Were Here,,Lake Morganbury,ID,(blank)
let-guy-activity.gov,State or territory,Wish You Were Here,,Pricemouth,AK,(blank)
see-seat-bit.gov,State or territory,Wish You Were Here,,East Lisaborough,ME,(blank)
phone-if-wish.gov,State or territory,Wish You Were Here,,Jacksonberg,NM,(blank)
garden-help-lawyer.gov,State or territory,Wish You Were Here,,Lake Kendrahaven,WV,(blank)
his-weight-door.gov,State or territory,Wish You Were Here,,South Rogerton,VI,(blank)
despite-entire.gov,State or territory,Wish You Were Here,,North Davidland,OH,(blank)
success-tv-age.gov,State or territory,Wish You Were Here,,Markburgh,ND,(blank)
get-line-meeting.gov,State or territory,Wish You Were Here,,Coryhaven,MS,(blank)
go-simply-focus.gov,State or territory,Wish You Were Here,,West Ann,KY,(blank)
what-must-two.gov,State or territory,Wish You Were Here,,North Nicolefurt,WV,(blank)
necessary-remain.gov,State or territory,Wish You Were Here,,Ortegahaven,MP,(blank)
student-sea-instead.gov,State or territory,Wish You Were Here,,Deborahchester,IA,(blank)
usually-recently.gov,State or territory,Wish You Were Here,,Hayesburgh,TN,(blank)
hospital-ask-sister.gov,State or territory,Wish You Were Here,,Davisside,TX,(blank)
nation-base-laugh.gov,State or territory,Wish You Were Here,,South Jeremiah,WI,(blank)
tree-that-name-idea.gov,State or territory,Wish You Were Here,,West Loriview,GU,(blank)
election-already.gov,State or territory,Wish You Were Here,,Port Markfort,GU,(blank)
pay-fact-have.gov,State or territory,Wish You Were Here,,Kyleton,WI,(blank)
yard-network-issue.gov,State or territory,Wish You Were Here,,Samuelbury,MD,(blank)
movement-it-artist.gov,State or territory,Wish You Were Here,,Brooketon,WY,(blank)
hour-loss-say-hand.gov,State or territory,Wish You Were Here,,Benjaminside,VT,(blank)
